{
  /* Vanilla DX 3rd Gen UI Tweaks */

  /* (c) CrisXolt. Don't use any UI data without authorization! */

  //////// Other Resource Packs Compatibility ////////
  //////// Note: Don't modify these values unlees you know what are you doing...
  
  /* By @agentms_*/
  "$is_java_aspects": false,
  "$is_java_aspects_fidelity": false,
  "$is_java_aspects_performance": false,

  "$is_console_aspects": false,
  "$is_console_aspects_fidelity": false,
  "$is_console_aspects_performance": false,
  
  /* By @ZouChenyunfei*/
  "$is_multipixel": false,
  "$is_multipixel_java": false,
  "$is_multipixel_bedrock": false,
  "$is_multipixel_mixed": false,

  //////// Main Global ////////

  /* Options */
  // Note: This is for those who want to play with lowest scale possible in 1080p resolution, without safezone being affected, of course.
  "$is_affected_by_safezone": true,
  /* For HUD Screen */
  "$ignore_vignette": false,
  /* For Creative Screen */
  "$release_creative_search_tab_icon_id": 399,
  "$preview_creative_search_tab_icon_id": 399,

  //////// Buttons ////////

  /* Colors */
  "$main_button_default_color": [ 1.0, 1.0, 1.0 ],
  "$main_button_hover_color": [ 1.0, 1.0, 1.0 ], /* Before [ 1.0, 1.0, 0.62 ] */
  "$main_button_preesed_color": [ 1.0, 1.0, 1.0 ], /* Before [ 1.0, 1.0, 0.62 ] */
  "$main_button_locked_color": [ 0.62, 0.62, 0.62 ],

  //////// HUD ////////

  /* Options */
  "$show_hud_while_inventory": false,
  "$show_save_indicator_icon": true,
  "$scoreboard_text_shadow": false,
  "$ignore_scoreboard_scores": false,
  "$ignore_bar_hud_padding": false,
  "$show_enchantments_in_item_text": true,
  "$show_background_in_item_text": true,

  "$bottom_objects_offset": [ 0, -1 ],

  "$main_item_text_offset": [ 0, -38 ],

  "$jukebox_text_offset": [ 0, -68 ],
  "$hud_block_messages_offset": [ 0, -68 ],
  "$hud_tip_text_offset": [ 0, -68 ],
  "$hud_action_bar_offset": [ 0, -68 ],

  /* Boss/Event Bars */
  // Ender Dragon
  "$ender_dragon_bar_empty_texture": "boss_bar_textures_dx.pink_background",
  "$ender_dragon_bar_full_texture": "boss_bar_textures_dx.pink_progress",
  "$ender_dragon_nub_bar_empty_texture": "common.empty_panel",
  "$ender_dragon_nub_bar_full_texture": "common.empty_panel",
  // Wither
  "$wither_bar_empty_texture": "boss_bar_textures_dx.purple_background",
  "$wither_bar_full_texture": "boss_bar_textures_dx.purple_progress",
  "$wither_nub_bar_empty_texture": "common.empty_panel",
  "$wither_nub_bar_full_texture": "common.empty_panel",
  // Raid
  "$raid_bar_empty_texture": "boss_bar_textures_dx.red_background",
  "$raid_bar_full_texture": "boss_bar_textures_dx.red_progress",
  "$raid_nub_bar_empty_texture": "boss_bar_textures_dx.notched_10_background",
  "$raid_nub_bar_full_texture": "boss_bar_textures_dx.notched_10_progress",
  // Defaut
  "$default_event_bar_empty_texture": "boss_bar_textures_dx.white_background",
  "$default_event_bar_full_texture": "boss_bar_textures_dx.white_progress",
  "$default_event_nub_bar_empty_texture": "common.empty_panel",
  "$default_event_nub_bar_full_texture": "common.empty_panel",
  "$has_default_event_bar_empty_custom_color": true, //Only possible if the bar is white.
  "$has_default_event_bar_full_custom_color": true, //Only possible if the bar is white.
  
  /* Hotbar */
  "$hotbar_texture": "hud_textures_dx.hotbar",
  "$hotbar_selection_texture": "hud_textures_dx.hotbar_selection",

  /* Experience Bar */
  "$experience_level_offset": [ 0, -10 ],
  "$experience_text_color": [ 0.5, 1.0, 0.0 ],
  "$experience_outline_text_color": [ 0.0, 0.0, 0.0 ],
  "$experience_bar_background_texture": "hud_textures_dx.experience_bar_background",
  "$experience_bar_progress_texture": "hud_textures_dx.experience_bar_progress",

  /* Chat */
  "$chat_size": [ "40%", 180 ],
  "$max_chat_messages_in_hud": 20,

  /* Scoreboards */
  "$player_score_color": [ 1.0, 0.333, 0.333, 1.0 ],

  /* Sign */
  "$sign_edit_text_color": [ 1, 1, 1 ],

  //////// Container ////////
  
  /* Options */
  "$custom_hover_text": false,
  "$custom_durability_bar": false,
  "$use_item_details_in_touch": false,
  "$ignore_flying_item": false,
  "$beacon_gamepad_heleprs_side": false,
  "$large_chest_gamepad_heleprs_side": false,
  
  /* Colors */
  "$vdx_inventory_title_text_color": [ 0.3, 0.3, 0.3 ],
  "$vdx_container_title_text_color": [ 1, 1, 1 ], /* Before [ 0.3, 0.3, 0.3 ] */
  "$vdx_2x2_crafting_title_text_color": [ 0.3, 0.3, 0.3 ],
  "$vdx_3x3_crafting_title_text_color": [ 1, 1, 1 ], /* Before [ 0.3, 0.3, 0.3 ] */
  "$vdx_recipe_title_text_color": [ 0.3, 0.3, 0.3 ],
  "$cc_default_container_text_color": [ 0.3, 0.3, 0.3 ],

  /* Enchanting */
  "$vdx_enchanting_runes_color": [ 0.4, 0.36, 0.3 ],
  "$vdx_enchanting_runes_highlighted_color": [ 1.0, 1.0, 0.5 ],
  "$vdx_enchanting_runes_disabled_color": [ 0.2, 0.18, 0.14 ],

  "$vdx_enchanting_cost_control": "enchanting_table_desktop_dx.enchant_cost",
  "$vdx_enchanting_cost_disabled_control": "enchanting_table_desktop_dx.enchant_cost_disabled",
  "$vdx_enchanting_cost_color": [ 0.5, 1, 0.125 ],
  "$vdx_enchanting_cost_disabled_color": [ 0.25, 0.5, 0.06 ],
  
  /* Villager Mixed */
  "$vdx_trade_tier_name_color": [ 1.0, 1.0, 1.0 ],
  "$vdx_trade_tier_name_locked_color": [ 0.16, 0.14, 0.10 ],

  //////// Textures ////////

  //Modify Ported Java Edition GUI Resolutions for your texture/project!

  //For menu BG.
  //Valid values is: 16x, 32x, 64x, 128x, 256x and 512x.

  /* menu_background */
  "$menu_background_resolution": "16x",
  /* menu_list_background */
  "$menu_list_background_resolution": "16x",
  /* header_separator */
  "$header_separator_resolution": "16x",
  /* footer_separator */
  "$footer_separator_resolution": "16x",

  /* inworld_menu_background */
  "$inworld_menu_background_resolution": "16x",
  /* inworld_menu_list_background */
  "$inworld_menu_list_background_resolution": "16x",
  /* inworld_header_separator */
  "$inworld_header_separator_resolution": "16x",
  /* inworld_footer_separator */
  "$inworld_footer_separator_resolution": "16x",

  /* credits_background */
  "$credits_background_resolution": "16x",
  /* dirt_block_background */
  "$overworld_background_resolution": "16x",
  /* netherrack_block_background */
  "$nether_background_resolution": "16x",
  /* end_stone_block_background */
  "$the_end_background_resolution": "16x",

  //For GUI Sprites (which has "tiled": true due nineslice method").
  //Valid values is: 1x, 2x, 4x, 8x, 16x and 32x.

  "$creative_inventory_scroller_resolution": "1x",

  "$loom_scroller_resolution": "1x",
  "$loom_mixed_scroller_resolution": "1x",

  "$recipe_book_mixed_scroller_resolution": "1x",

  "$stonecutter_scroller_resolution": "1x",
  "$stonecutter_mixed_scroller_resolution": "1x",

  "$villager_scroller_resolution": "1x",
  "$villager_mixed_scroller_resolution": "1x",
  
  "$popup_background_resolution": "1x",

  "$social_interactions_background_resolution": "1x",

  "$toast_advancement_resolution": "1x",
  "$toast_recipe_resolution": "1x",
  "$toast_system_resolution": "1x",

  "$widget_button_resolution": "1x",
  "$widget_button_disabled_resolution": "1x",
  "$widget_button_highlighted_resolution": "1x",

  "$widget_scroller_resolution": "1x",

  "$widget_slider_resolution": "1x",
  "$widget_slider_highlighted_resolution": "1x",
  "$widget_slider_handle_resolution": "1x",
  "$widget_slider_handle_highlighted_resolution": "1x",

  "$widget_text_field_resolution": "1x",
  "$widget_text_field_highlighted_resolution": "1x",

  //For inventory containers.
  //Valid values is: 256x, 512x, 1024x, 2048x, 4096x and 8192x.

  //Small_chest */
  "$barrel_resolution": "256x",
  "$chest_small_resolution": "256x",
  "$chest_ender_resolution": "256x",

  //Creative_inventory */
  /* tab_items */
  "$creative_inventory_tab_items_resolution": "256x",
  /* tab_item_search */
  "$creative_inventory_tab_item_search_resolution": "256x"
}