{
  "hopper_screen": {
    "variables": [
      {
        "requires": "$desktop_screen",
        "$screen_content": "hopper_desktop_dx.center_screen",
        "$screen_bg_content": "hopper_desktop_dx.full_screen"
      },
      {
        "requires": "$pocket_screen",
        "$screen_content": "pocket_containers.hopper_panel"
      }
    ]
  },

  "dispenser_screen": {
    "variables": [
      {
        "requires": "$desktop_screen",
        "$screen_content": "dispenser_desktop_dx.center_screen",
        "$screen_bg_content": "dispenser_desktop_dx.full_screen"
      },
      {
        "requires": "$pocket_screen",
        "$screen_content": "pocket_containers.dispenser_panel"
      }
    ]
  },

  "crafter_screen": {
    "variables": [
      {
        "requires": "$desktop_screen",
        "$screen_content": "crafter_desktop_dx.center_screen",
        "$screen_bg_content": "crafter_desktop_dx.full_screen"
      },
      {
        "requires": "$pocket_screen",
        "$screen_content": "crafter_pocket.crafter"
      }
    ]
  },

  "dropper_screen": {
    "variables": [
      {
        "requires": "$desktop_screen",
        "$screen_content": "dropper_desktop_dx.center_screen",
        "$screen_bg_content": "dropper_desktop_dx.full_screen"
      },
      {
        "requires": "$pocket_screen",
        "$screen_content": "pocket_containers.dropper_panel"
      }
    ]
  }
}