{
  "smithing_table_screen": {
    "variables": [
      {
        "requires": "($desktop_screen and not $use_smithing_table_2_ui)",
        "$screen_content": "smithing_table.smithing_table_panel"
      },
      {
        "requires": "($desktop_screen and $use_smithing_table_2_ui)",
        "$screen_content": "smithing_table_desktop_dx.center_screen",
        "$screen_bg_content": "smithing_table_desktop_dx.full_screen"
      },
      {
        "requires": "($pocket_screen and not $use_smithing_table_2_ui)",
        "$screen_content": "smithing_table_pocket.smithing_table_panel"
      },
      {
        "requires": "($pocket_screen and $use_smithing_table_2_ui)",
        "$screen_content": "smithing_table_2_pocket.smithing_table_panel",
        "$screen_bg_content": "common.screen_background",
        "$screen_background_alpha": 0.4
      }
    ]
  }
}