{
  "random.enchant": {
    "category": "ui",
    "sounds": [
      {
        "name": "sounds/block/enchantment_table/enchant1",
        "volume": 0.75,
        "load_on_low_memory": true
      },
      {
        "name": "sounds/block/enchantment_table/enchant2",
        "volume": 0.75
      },
      {
        "name": "sounds/block/enchantment_table/enchant3",
        "volume": 0.75
      }
    ]
  },
  "random.toast": {
    "category": "ui",
    "sounds": [
      "sounds/ui/toast/in"
    ]
  }
}